{"cameraMode":{"drawMode":0,"name":"Shaded","section":"Shading Mode"},"sceneLighting":true,"audioPlay":false,"sceneViewState":{"m_AlwaysRefresh":false,"showFog":true,"showSkybox":true,"showFlares":true,"showImageEffects":true,"showParticleSystems":true,"showVisualEffectGraphs":true,"m_FxEnabled":true},"in2DMode":false,"pivot":{"x":4.956989288330078,"y":2.2295751571655275,"z":3.107480049133301},"rotation":{"x":0.23047438263893128,"y":-0.43453049659729006,"z":0.11605992168188095,"w":0.862899661064148},"size":27.940994262695314,"orthographic":false}